<raiz>
            
    
    <pai atributo1="valor" atributo2="valor">
                        
        
        <filho atributo1="valor" atributo2="valor">conteudo</filho>
                    
    
    </pai>
        
    
    <pai atributo1="valor" atributo2="valor">
                
        <filho atributo1="valor" atributo2="valor">conteudo</filho>
            
    </pai>
    
    <pai atributo1="valor" atributo2="valor">
        <filho atributo1="valor" atributo2="valor">conteudo</filho>
    </pai>
</raiz>
