<?xml version="1.0" encoding="UTF-8"?>
<project-private xmlns="http://www.netbeans.org/ns/project-private/1">
    <editor-bookmarks xmlns="http://www.netbeans.org/ns/editor-bookmarks/2" lastBookmarkId="0"/>
    <open-files xmlns="http://www.netbeans.org/ns/projectui-open-files/2">
        <group>
            <file>file:/home/aluno/Documentos/sgcm2024s2/src/view/JFrameUsuarioCRUD.java</file>
            <file>file:/home/aluno/Documentos/sgcm2024s2/src/view/JFramePrincipal.java</file>
            <file>file:/home/aluno/Documentos/sgcm2024s2/src/model/Usuario.java</file>
        </group>
    </open-files>
</project-private>
